"scope","module name","license","repository"
"project","portal@2.0.0","MIT",""
"frontend-runtime","@tauri-apps/api@2.10.1","Apache-2.0 OR MIT","https://github.com/tauri-apps/tauri"
"frontend-runtime","@tauri-apps/plugin-clipboard-manager@2.3.2","MIT OR Apache-2.0","https://github.com/tauri-apps/plugins-workspace"
"frontend-runtime","@tauri-apps/plugin-dialog@2.6.0","MIT OR Apache-2.0","https://github.com/tauri-apps/plugins-workspace"
"frontend-runtime","@tauri-apps/plugin-global-shortcut@2.3.2","MIT OR Apache-2.0","https://github.com/tauri-apps/plugins-workspace"
"frontend-runtime","@tauri-apps/plugin-notification@2.3.3","MIT OR Apache-2.0","https://github.com/tauri-apps/plugins-workspace"
"frontend-runtime","@tauri-apps/plugin-opener@2.5.4","MIT OR Apache-2.0","https://github.com/tauri-apps/plugins-workspace"
"frontend-runtime","@tauri-apps/plugin-store@2.4.4","MIT OR Apache-2.0","https://github.com/tauri-apps/plugins-workspace"
"frontend-runtime","@xterm/addon-fit@0.11.0","MIT","https://github.com/xtermjs/xterm.js/tree/master/addons/addon-fit"
"frontend-runtime","@xterm/xterm@6.0.0","MIT","https://github.com/xtermjs/xterm.js"
"frontend-runtime","antd@6.3.3","MIT","https://github.com/ant-design/ant-design"
"frontend-runtime","prismjs@1.30.0","MIT","https://github.com/PrismJS/prism"
"frontend-runtime","pubsub-js@1.9.5","MIT","https://github.com/mroderick/PubSubJS"
"frontend-runtime","react-dom@19.2.4","MIT","https://github.com/facebook/react"
"frontend-runtime","react-hot-toast@2.6.0","MIT","https://github.com/timolins/react-hot-toast"
"frontend-runtime","react@19.2.4","MIT","https://github.com/facebook/react"
"frontend-runtime","valtio@2.3.1","MIT","https://github.com/pmndrs/valtio"
"frontend-development","@ant-design/static-style-extract@2.1.0","MIT","https://github.com/ant-design/static-style-extract"
"frontend-development","@eslint/eslintrc@3.3.5","MIT","https://github.com/eslint/eslintrc"
"frontend-development","@tauri-apps/cli@2.10.1","Apache-2.0 OR MIT","https://github.com/tauri-apps/tauri"
"frontend-development","@typescript-eslint/eslint-plugin@8.57.1","MIT","https://github.com/typescript-eslint/typescript-eslint"
"frontend-development","@typescript-eslint/parser@8.57.1","MIT","https://github.com/typescript-eslint/typescript-eslint"
"frontend-development","@vitejs/plugin-react@4.7.0","MIT","https://github.com/vitejs/vite-plugin-react"
"frontend-development","eslint-plugin-import@2.32.0","MIT","https://github.com/import-js/eslint-plugin-import"
"frontend-development","eslint-plugin-react-hooks@7.0.1","MIT","https://github.com/facebook/react"
"frontend-development","eslint-plugin-react-refresh@0.5.2","MIT","https://github.com/ArnaudBarre/eslint-plugin-react-refresh"
"frontend-development","eslint-plugin-react@7.37.5","MIT","https://github.com/jsx-eslint/eslint-plugin-react"
"frontend-development","eslint@9.39.4","MIT","https://github.com/eslint/eslint"
"frontend-development","goober@2.1.18","MIT","https://github.com/cristianbote/goober"
"frontend-development","license-checker@25.0.1","BSD-3-Clause","https://github.com/davglass/license-checker"
"frontend-development","vite@7.3.1","MIT","https://github.com/vitejs/vite"
"rust-application","tauri-rs:portal@0.1.0","MIT","https://gitee.com/Mage-7-28/portal"
"rust-runtime","tauri-rs:tauri@2.10.3","Apache-2.0 OR MIT","https://github.com/tauri-apps/tauri"
"rust-runtime","tauri-rs:tauri-plugin-clipboard-manager@2.3.2","Apache-2.0 OR MIT","https://github.com/tauri-apps/plugins-workspace"
"rust-runtime","tauri-rs:tauri-plugin-dialog@2.6.0","Apache-2.0 OR MIT","https://github.com/tauri-apps/plugins-workspace"
"rust-runtime","tauri-rs:tauri-plugin-global-shortcut@2.3.2","Apache-2.0 OR MIT","https://github.com/tauri-apps/plugins-workspace"
"rust-runtime","tauri-rs:tauri-plugin-notification@2.3.3","Apache-2.0 OR MIT","https://github.com/tauri-apps/plugins-workspace"
"rust-runtime","tauri-rs:tauri-plugin-opener@2.5.4","Apache-2.0 OR MIT","https://github.com/tauri-apps/plugins-workspace"
"rust-runtime","tauri-rs:tauri-plugin-store@2.4.4","Apache-2.0 OR MIT","https://github.com/tauri-apps/plugins-workspace"
"rust-runtime","tauri-rs:serde@1.0.228","MIT OR Apache-2.0","https://github.com/serde-rs/serde"
"rust-runtime","tauri-rs:serde_json@1.0.149","MIT OR Apache-2.0","https://github.com/serde-rs/json"
"rust-runtime","tauri-rs:dirs@5.0.1","MIT OR Apache-2.0","https://github.com/soc/dirs-rs"
"rust-runtime","tauri-rs:ssh2@0.9.5","MIT OR Apache-2.0","https://github.com/alexcrichton/ssh2-rs"
"rust-runtime","tauri-rs:thiserror@1.0.69","MIT OR Apache-2.0","https://github.com/dtolnay/thiserror"
"rust-build","tauri-rs:tauri-build@2.5.6","Apache-2.0 OR MIT","https://github.com/tauri-apps/tauri"
"rust-target-windows","tauri-rs:windows-sys@0.52.0","MIT OR Apache-2.0","https://github.com/microsoft/windows-rs"
"rust-native-bridge","tauri-rs:libssh2-sys@0.3.1","MIT OR Apache-2.0","https://github.com/alexcrichton/ssh2-rs"
"rust-native-bridge","tauri-rs:libz-sys@1.1.25","MIT OR Apache-2.0","https://github.com/rust-lang/libz-sys"
"rust-native-bridge","tauri-rs:openssl-sys@0.9.112","MIT","https://github.com/rust-openssl/rust-openssl"
"rust-transitive-mpl","tauri-rs:cssparser@0.29.6","MPL-2.0","https://github.com/servo/rust-cssparser"
"rust-transitive-mpl","tauri-rs:cssparser@0.36.0","MPL-2.0","https://github.com/servo/rust-cssparser"
"rust-transitive-mpl","tauri-rs:cssparser-macros@0.6.1","MPL-2.0","https://github.com/servo/rust-cssparser"
"rust-transitive-mpl","tauri-rs:dtoa-short@0.3.5","MPL-2.0","https://github.com/upsuper/dtoa-short"
"rust-transitive-mpl","tauri-rs:option-ext@0.2.0","MPL-2.0","https://github.com/soc/option-ext"
"rust-transitive-mpl","tauri-rs:selectors@0.24.0","MPL-2.0","https://github.com/servo/servo"
"rust-transitive-mpl","tauri-rs:selectors@0.36.1","MPL-2.0","https://github.com/servo/servo"
"rust-transitive-target","tauri-rs:r-efi@5.3.0","MIT OR Apache-2.0 OR LGPL-2.1-or-later","https://github.com/r-efi/r-efi"
"rust-transitive-target","tauri-rs:r-efi@6.0.0","MIT OR Apache-2.0 OR LGPL-2.1-or-later","https://github.com/r-efi/r-efi"
"rust-transitive-unicode","tauri-rs:icu_collections@2.1.1","Unicode-3.0","https://github.com/unicode-org/icu4x"
"rust-transitive-unicode","tauri-rs:icu_locale_core@2.1.1","Unicode-3.0","https://github.com/unicode-org/icu4x"
"rust-transitive-unicode","tauri-rs:icu_normalizer@2.1.1","Unicode-3.0","https://github.com/unicode-org/icu4x"
"rust-transitive-unicode","tauri-rs:icu_normalizer_data@2.1.1","Unicode-3.0","https://github.com/unicode-org/icu4x"
"rust-transitive-unicode","tauri-rs:icu_properties@2.1.2","Unicode-3.0","https://github.com/unicode-org/icu4x"
"rust-transitive-unicode","tauri-rs:icu_properties_data@2.1.2","Unicode-3.0","https://github.com/unicode-org/icu4x"
"rust-transitive-unicode","tauri-rs:icu_provider@2.1.1","Unicode-3.0","https://github.com/unicode-org/icu4x"
"rust-transitive-unicode","tauri-rs:litemap@0.8.1","Unicode-3.0","https://github.com/unicode-org/icu4x"
"rust-transitive-unicode","tauri-rs:potential_utf@0.1.4","Unicode-3.0","https://github.com/unicode-org/icu4x"
"rust-transitive-unicode","tauri-rs:tinystr@0.8.2","Unicode-3.0","https://github.com/unicode-org/icu4x"
"rust-transitive-unicode","tauri-rs:writeable@0.6.2","Unicode-3.0","https://github.com/unicode-org/icu4x"
"rust-transitive-unicode","tauri-rs:yoke@0.8.1","Unicode-3.0","https://github.com/unicode-org/icu4x"
"rust-transitive-unicode","tauri-rs:yoke-derive@0.8.1","Unicode-3.0","https://github.com/unicode-org/icu4x"
"rust-transitive-unicode","tauri-rs:zerofrom@0.1.6","Unicode-3.0","https://github.com/unicode-org/icu4x"
"rust-transitive-unicode","tauri-rs:zerofrom-derive@0.1.6","Unicode-3.0","https://github.com/unicode-org/icu4x"
"rust-transitive-unicode","tauri-rs:zerotrie@0.2.3","Unicode-3.0","https://github.com/unicode-org/icu4x"
"rust-transitive-unicode","tauri-rs:zerovec@0.11.5","Unicode-3.0","https://github.com/unicode-org/icu4x"
"rust-transitive-unicode","tauri-rs:zerovec-derive@0.11.2","Unicode-3.0","https://github.com/unicode-org/icu4x"
